| n | Iterative C | Recursive C | Dynamic Programming  C | Iterative P | Recursive P | Dynamic Programming  P |
|--|:--:|:--:|:--:|:--:|:--:|:--:|
| 1    | 0.00245  | 0.00209  | 0.00202  |0.03996  | 0.04002  | 0.03993  |
| 501  | 0.00212  |    -     | 0.00318  |0.03821  |    -     | 0.04003  |
| 1001 | 0.00208  |    -     | 0.00206  |0.04017  |    -     |    -     |
| 1501 | 0.00408  |    -     | 0.00212  |0.07680  |    -     |    -     |
| 2001 | 0.00245  |    -     | 0.00184  |0.03952  |    -     |    -     |
| 2501 | 0.00209  |    -     | 0.00186  |0.03954  |    -     |    -     |
| 3001 | 0.00220  |    -     | 0.00190  |0.03924  |    -     |    -     |
| 3501 | 0.00245  |    -     | 0.00187  |0.03950  |    -     |    -     |
| 4001 | 0.00206  |    -     | 0.00188  |0.03935  |    -     |    -     |
| 4501 | 0.00203  |    -     | 0.00190  |0.03950  |    -     |    -     |
| 5001 | 0.00210  |    -     | 0.00189  |0.03967  |    -     |    -     |
| 5501 | 0.00203  |    -     | 0.00185  |0.03763  |    -     |    -     |
| 6001 | 0.00199  |    -     | 0.00185  |0.03607  |    -     |    -     |
| 6501 | 0.00212  |    -     | 0.00187  |0.03960  |    -     |    -     |
| 7001 | 0.00302  |    -     | 0.00186  |0.03958  |    -     |    -     |
| 7501 | 0.00207  |    -     | 0.00189  |0.03903  |    -     |    -     |
| 8001 | 0.00227  |    -     | 0.00188  |0.03956  |    -     |    -     |
| 8501 | 0.00210  |    -     | 0.00185  |0.03997  |    -     |    -     |
| 9001 | 0.00209  |    -     | 0.00163  |0.03948  |    -     |    -     |
| 9501 | 0.00197  |    -     | 0.00184  |0.03883  |    -     |    -     |
| 10001 | 0.00202  |    -     | 0.00196  |0.03700  |    -     |    -     |
| 10501 | 0.00210  |    -     | 0.00185  |0.03953  |    -     |    -     |
| 11001 | 0.00208  |    -     | 0.00185  |0.03562  |    -     |    -     |
| 11501 | 0.00209  |    -     | 0.00188  |0.04007  |    -     |    -     |
| 12001 | 0.00213  |    -     | 0.00193  |0.03951  |    -     |    -     |
| 12501 | 0.00204  |    -     | 0.00185  |0.03833  |    -     |    -     |
| 13001 | 0.00221  |    -     | 0.00204  |0.03957  |    -     |    -     |
| 13501 | 0.00205  |    -     | 0.00186  |0.03957  |    -     |    -     |
| 14001 | 0.00202  |    -     | 0.00186  |0.03957  |    -     |    -     |
| 14501 | 0.00206  |    -     | 0.00184  |0.03953  |    -     |    -     |
| 15001 | 0.00202  |    -     | 0.00192  |0.03985  |    -     |    -     |
| 15501 | 0.00209  |    -     | 0.00223  |0.03965  |    -     |    -     |
| 16001 | 0.00221  |    -     | 0.00225  |0.03968  |    -     |    -     |
| 16501 | 0.00212  |    -     | 0.00190  |0.04013  |    -     |    -     |
| 17001 | 0.00209  |    -     | 0.00190  |0.04019  |    -     |    -     |
| 17501 | 0.00207  |    -     | 0.00185  |0.03962  |    -     |    -     |
| 18001 | 0.00213  |    -     | 0.00200  |0.07682  |    -     |    -     |
| 18501 | 0.00230  |    -     | 0.00391  |0.07309  |    -     |    -     |
| 19001 | 0.00211  |    -     | 0.00194  |0.07577  |    -     |    -     |
| 19501 | 0.00250  |    -     | 0.00487  |0.03972  |    -     |    -     |
| 20001 | 0.00217  |    -     | 0.00189  |0.07497  |    -     |    -     |
| 20501 | 0.00208  |    -     | 0.00192  |0.07669  |    -     |    -     |
| 21001 | 0.00209  |    -     | 0.00188  |0.07651  |    -     |    -     |
| 21501 | 0.00208  |    -     | 0.00187  |0.07662  |    -     |    -     |
| 22001 | 0.00210  |    -     | 0.00190  |0.07665  |    -     |    -     |
| 22501 | 0.00211  |    -     | 0.00188  |0.07660  |    -     |    -     |
| 23001 | 0.00209  |    -     | 0.00190  |0.07675  |    -     |    -     |
| 23501 | 0.00219  |    -     | 0.00190  |0.07661  |    -     |    -     |
| 24001 | 0.00216  |    -     | 0.00191  |0.07655  |    -     |    -     |
| 24501 | 0.00221  |    -     | 0.00220  |0.07525  |    -     |    -     |
| 25001 | 0.00213  |    -     | 0.00188  |0.07639  |    -     |    -     |
| 25501 | 0.00211  |    -     | 0.00189  |0.07661  |    -     |    -     |
| 26001 | 0.00209  |    -     | 0.00189  |0.07673  |    -     |    -     |
| 26501 | 0.00225  |    -     | 0.00207  |0.07603  |    -     |    -     |
| 27001 | 0.00224  |    -     | 0.00201  |0.07026  |    -     |    -     |
| 27501 | 0.00211  |    -     | 0.00195  |0.07075  |    -     |    -     |
| 28001 | 0.00230  |    -     | 0.00193  |0.07692  |    -     |    -     |
| 28501 | 0.00219  |    -     | 0.00190  |0.07557  |    -     |    -     |
| 29001 | 0.00222  |    -     | 0.00202  |0.07167  |    -     |    -     |
| 29501 | 0.00227  |    -     | 0.00203  |0.07678  |    -     |    -     |
| 30001 | 0.00232  |    -     | 0.00197  |0.07680  |    -     |    -     |
| 30501 | 0.00219  |    -     | 0.00201  |0.07628  |    -     |    -     |
| 31001 | 0.00215  |    -     | 0.00186  |0.07210  |    -     |    -     |
| 31501 | 0.00221  |    -     | 0.00203  |0.07216  |    -     |    -     |
| 32001 | 0.00227  |    -     | 0.00191  |0.07480  |    -     |    -     |
| 32501 | 0.00220  |    -     | 0.00201  |0.07628  |    -     |    -     |
| 33001 | 0.00216  |    -     | 0.00204  |0.07682  |    -     |    -     |
| 33501 | 0.00218  |    -     | 0.00207  |0.07667  |    -     |    -     |
| 34001 | 0.00227  |    -     | 0.00198  |0.06988  |    -     |    -     |
| 34501 | 0.00218  |    -     | 0.00209  |0.07676  |    -     |    -     |
| 35001 | 0.00225  |    -     | 0.00204  |0.07676  |    -     |    -     |
| 35501 | 0.00211  |    -     | 0.00203  |0.07503  |    -     |    -     |
| 36001 | 0.00215  |    -     | 0.00296  |0.07506  |    -     |    -     |
| 36501 | 0.00227  |    -     | 0.00208  |0.07673  |    -     |    -     |
| 37001 | 0.00226  |    -     | 0.00206  |0.07685  |    -     |    -     |
| 37501 | 0.00210  |    -     | 0.00201  |0.07683  |    -     |    -     |
| 38001 | 0.00224  |    -     | 0.00200  |0.07589  |    -     |    -     |
| 38501 | 0.00221  |    -     | 0.00166  |0.07465  |    -     |    -     |
| 39001 | 0.00228  |    -     | 0.00205  |0.07271  |    -     |    -     |
| 39501 | 0.00219  |    -     | 0.00196  |0.07081  |    -     |    -     |
| 40001 | 0.00229  |    -     | 0.00197  |0.07402  |    -     |    -     |
| 40501 | 0.00223  |    -     | 0.00202  |0.07457  |    -     |    -     |
| 41001 | 0.00232  |    -     | 0.00191  |0.07662  |    -     |    -     |
| 41501 | 0.00217  |    -     | 0.00191  |0.07669  |    -     |    -     |
| 42001 | 0.00225  |    -     | 0.00203  |0.07660  |    -     |    -     |
| 42501 | 0.00209  |    -     | 0.00189  |0.07680  |    -     |    -     |
| 43001 | 0.00223  |    -     | 0.00189  |0.07679  |    -     |    -     |
| 43501 | 0.00217  |    -     | 0.00202  |0.07372  |    -     |    -     |
| 44001 | 0.00217  |    -     | 0.00203  |0.07723  |    -     |    -     |
| 44501 | 0.00222  |    -     | 0.00189  |0.07611  |    -     |    -     |
| 45001 | 0.00223  |    -     | 0.00206  |0.07668  |    -     |    -     |
| 45501 | 0.00229  |    -     | 0.00206  |0.07672  |    -     |    -     |
| 46001 | 0.00228  |    -     | 0.00203  |0.12935  |    -     |    -     |
| 46501 | 0.00228  |    -     | 0.00201  |0.12855  |    -     |    -     |
| 47001 | 0.00228  |    -     | 0.00201  |0.12968  |    -     |    -     |
| 47501 | 0.00225  |    -     | 0.00203  |0.12633  |    -     |    -     |
| 48001 | 0.00231  |    -     | 0.00196  |0.13126  |    -     |    -     |
| 48501 | 0.00247  |    -     | 0.00224  |0.13204  |    -     |    -     |
| 49001 | 0.00232  |    -     | 0.00210  |0.12511  |    -     |    -     |
| 49501 | 0.00246  |    -     | 0.00215  |0.12370  |    -     |    -     |
| 50001 | 0.00230  |    -     | 0.00198  |0.12892  |    -     |    -     |
| 50501 | 0.00215  |    -     | 0.00186  |0.12965  |    -     |    -     |
| 51001 | 0.00240  |    -     | 0.00215  |0.13082  |    -     |    -     |
| 51501 | 0.00228  |    -     | 0.07577  |0.13146  |    -     |    -     |
| 52001 | 0.00217  |    -     | 0.01955  |0.12402  |    -     |    -     |
| 52501 | 0.00233  |    -     | 0.01967  |0.12730  |    -     |    -     |
| 53001 | 0.00226  |    -     | 0.01908  |0.12583  |    -     |    -     |
| 53501 | 0.00246  |    -     | 0.01964  |0.12342  |    -     |    -     |
| 54001 | 0.00221  |    -     | 0.01756  |0.12974  |    -     |    -     |
| 54501 | 0.00239  |    -     | 0.01966  |0.12648  |    -     |    -     |
| 55001 | 0.00232  |    -     | 0.01966  |0.12767  |    -     |    -     |
| 55501 | 0.00229  |    -     | 0.01963  |0.12540  |    -     |    -     |
| 56001 | 0.00219  |    -     | 0.01956  |0.11994  |    -     |    -     |
| 56501 | 0.00224  |    -     | 0.01955  |0.12823  |    -     |    -     |
| 57001 | 0.00221  |    -     | 0.01961  |0.12462  |    -     |    -     |
| 57501 | 0.00220  |    -     | 0.01756  |0.13133  |    -     |    -     |
| 58001 | 0.00235  |    -     | 0.01962  |0.12897  |    -     |    -     |
| 58501 | 0.00222  |    -     | 0.01983  |0.12896  |    -     |    -     |
| 59001 | 0.00222  |    -     | 0.01950  |0.13130  |    -     |    -     |
| 59501 | 0.00220  |    -     | 0.01946  |0.13066  |    -     |    -     |
| 60001 | 0.00227  |    -     | 0.01951  |0.13026  |    -     |    -     |
| 60501 | 0.00225  |    -     | 0.01778  |0.12226  |    -     |    -     |
| 61001 | 0.00242  |    -     | 0.01979  |0.13128  |    -     |    -     |
| 61501 | 0.00233  |    -     | 0.01844  |0.12669  |    -     |    -     |
| 62001 | 0.00230  |    -     | 0.01956  |0.12115  |    -     |    -     |
| 62501 | 0.00226  |    -     | 0.01830  |0.12505  |    -     |    -     |
| 63001 | 0.00220  |    -     | 0.01936  |0.12904  |    -     |    -     |
| 63501 | 0.00235  |    -     | 0.01962  |0.12898  |    -     |    -     |
| 64001 | 0.00240  |    -     | 0.01976  |0.13141  |    -     |    -     |
| 64501 | 0.00230  |    -     | 0.01954  |0.13208  |    -     |    -     |
| 65001 | 0.00226  |    -     | 0.01875  |0.12756  |    -     |    -     |
| 65501 | 0.00259  |    -     | 0.01803  |0.12952  |    -     |    -     |
| 66001 | 0.00222  |    -     | 0.01955  |0.12830  |    -     |    -     |
| 66501 | 0.00249  |    -     | 0.01968  |0.12811  |    -     |    -     |
| 67001 | 0.00231  |    -     | 0.01963  |0.12794  |    -     |    -     |
| 67501 | 0.00248  |    -     | 0.01703  |0.12731  |    -     |    -     |
| 68001 | 0.00238  |    -     | 0.01961  |0.12381  |    -     |    -     |
| 68501 | 0.00280  |    -     | 0.01981  |0.13137  |    -     |    -     |
| 69001 | 0.00333  |    -     | 0.03587  |0.13230  |    -     |    -     |
| 69501 | 0.00233  |    -     | 0.01960  |0.13208  |    -     |    -     |
| 70001 | 0.00214  |    -     | 0.01959  |0.13248  |    -     |    -     |
| 70501 | 0.00222  |    -     | 0.01951  |0.13225  |    -     |    -     |
| 71001 | 0.00232  |    -     | 0.01969  |0.13068  |    -     |    -     |
| 71501 | 0.00228  |    -     | 0.01972  |0.13229  |    -     |    -     |
| 72001 | 0.00239  |    -     | 0.01970  |0.12757  |    -     |    -     |
| 72501 | 0.00245  |    -     | 0.01963  |0.13221  |    -     |    -     |
| 73001 | 0.00229  |    -     | 0.01961  |0.13200  |    -     |    -     |
| 73501 | 0.00226  |    -     | 0.01803  |0.12807  |    -     |    -     |
| 74001 | 0.00234  |    -     | 0.01968  |0.13150  |    -     |    -     |
| 74501 | 0.00249  |    -     | 0.01965  |0.12319  |    -     |    -     |
| 75001 | 0.00233  |    -     | 0.01819  |0.12861  |    -     |    -     |
| 75501 | 0.00241  |    -     | 0.01986  |0.12570  |    -     |    -     |
| 76001 | 0.00259  |    -     | 0.01983  |0.13204  |    -     |    -     |
| 76501 | 0.00223  |    -     | 0.01963  |0.12641  |    -     |    -     |
| 77001 | 0.00222  |    -     | 0.01955  |0.13194  |    -     |    -     |
| 77501 | 0.00213  |    -     | 0.01956  |0.13200  |    -     |    -     |
| 78001 | 0.00233  |    -     | 0.01959  |0.13199  |    -     |    -     |
| 78501 | 0.00233  |    -     | 0.01953  |0.12877  |    -     |    -     |
| 79001 | 0.00225  |    -     | 0.01919  |0.12427  |    -     |    -     |
| 79501 | 0.00226  |    -     | 0.01950  |0.12904  |    -     |    -     |
| 80001 | 0.00227  |    -     | 0.01949  |0.13169  |    -     |    -     |
| 80501 | 0.00232  |    -     | 0.01968  |0.13145  |    -     |    -     |
| 81001 | 0.00229  |    -     | 0.01951  |0.12126  |    -     |    -     |
| 81501 | 0.00236  |    -     | 0.01956  |0.13163  |    -     |    -     |
| 82001 | 0.00209  |    -     | 0.01959  |0.13163  |    -     |    -     |
| 82501 | 0.00231  |    -     | 0.01953  |0.12757  |    -     |    -     |
| 83001 | 0.00227  |    -     | 0.01950  |0.13185  |    -     |    -     |
| 83501 | 0.00225  |    -     | 0.01954  |0.12829  |    -     |    -     |
| 84001 | 0.00235  |    -     | 0.01942  |0.13165  |    -     |    -     |
| 84501 | 0.00241  |    -     | 0.01947  |0.13164  |    -     |    -     |
| 85001 | 0.00211  |    -     | 0.07643  |0.12718  |    -     |    -     |
| 85501 | 0.00236  |    -     | 0.02018  |0.12877  |    -     |    -     |
| 86001 | 0.00218  |    -     | 0.01959  |0.12104  |    -     |    -     |
| 86501 | 0.00243  |    -     | 0.01812  |0.13180  |    -     |    -     |
| 87001 | 0.00227  |    -     | 0.01954  |0.13186  |    -     |    -     |
| 87501 | 0.00223  |    -     | 0.01950  |0.13171  |    -     |    -     |
| 88001 | 0.00218  |    -     | 0.01964  |0.13082  |    -     |    -     |
| 88501 | 0.00228  |    -     | 0.01954  |0.13131  |    -     |    -     |
| 89001 | 0.00219  |    -     | 0.01959  |0.12699  |    -     |    -     |
| 89501 | 0.00211  |    -     | 0.01859  |0.12971  |    -     |    -     |
| 90001 | 0.00232  |    -     | 0.01952  |0.13177  |    -     |    -     |
| 90501 | 0.00248  |    -     | 0.01956  |0.12270  |    -     |    -     |
| 91001 | 0.00219  |    -     | 0.01843  |0.12572  |    -     |    -     |
| 91501 | 0.00230  |    -     | 0.01983  |0.12741  |    -     |    -     |
| 92001 | 0.00226  |    -     | 0.01961  |0.13132  |    -     |    -     |
| 92501 | 0.00252  |    -     | 0.01782  |0.12897  |    -     |    -     |
| 93001 | 0.00240  |    -     | 0.01875  |0.12594  |    -     |    -     |
| 93501 | 0.00242  |    -     | 0.01967  |0.12740  |    -     |    -     |
| 94001 | 0.00234  |    -     | 0.01925  |0.12557  |    -     |    -     |
| 94501 | 0.00231  |    -     | 0.01948  |0.12984  |    -     |    -     |
| 95001 | 0.00243  |    -     | 0.01983  |0.12711  |    -     |    -     |
| 95501 | 0.00232  |    -     | 0.01891  |0.12771  |    -     |    -     |
| 96001 | 0.00239  |    -     | 0.01975  |0.12765  |    -     |    -     |
| 96501 | 0.00221  |    -     | 0.01885  |0.12750  |    -     |    -     |
| 97001 | 0.00228  |    -     | 0.01953  |0.13150  |    -     |    -     |
| 97501 | 0.00225  |    -     | 0.01955  |0.13045  |    -     |    -     |
| 98001 | 0.00234  |    -     | 0.01764  |0.12824  |    -     |    -     |
| 98501 | 0.00241  |    -     | 0.01961  |0.12783  |    -     |    -     |
| 99001 | 0.00238  |    -     | 0.01963  |0.12729  |    -     |    -     |
| 99501 | 0.00229  |    -     | 0.01950  |0.13166  |    -     |    -     |
| 100001 | 0.00355  |    -     | 0.03967  |0.12688  |    -     |    -     |
| 100501 | 0.00221  |    -     | 0.01955  |0.13112  |    -     |    -     |
| 101001 | 0.00218  |    -     | 0.01994  |0.12779  |    -     |    -     |
| 101501 | 0.00228  |    -     | 0.01965  |0.13183  |    -     |    -     |
| 102001 | 0.00229  |    -     | 0.01955  |0.13175  |    -     |    -     |
| 102501 | 0.00259  |    -     | 0.02004  |0.12790  |    -     |    -     |
| 103001 | 0.00224  |    -     | 0.01953  |0.13072  |    -     |    -     |
| 103501 | 0.00216  |    -     | 0.01951  |0.13178  |    -     |    -     |
| 104001 | 0.00227  |    -     | 0.01957  |0.12859  |    -     |    -     |
| 104501 | 0.00228  |    -     | 0.02154  |0.12953  |    -     |    -     |
| 105001 | 0.00212  |    -     | 0.01854  |0.12790  |    -     |    -     |
| 105501 | 0.00216  |    -     | 0.01944  |0.12767  |    -     |    -     |
| 106001 | 0.00217  |    -     | 0.01963  |0.12864  |    -     |    -     |
| 106501 | 0.00222  |    -     | 0.01951  |0.13066  |    -     |    -     |
| 107001 | 0.00229  |    -     | 0.01949  |0.13181  |    -     |    -     |
| 107501 | 0.00224  |    -     | 0.01959  |0.12381  |    -     |    -     |
| 108001 | 0.00244  |    -     | 0.01958  |0.13152  |    -     |    -     |
| 108501 | 0.00221  |    -     | 0.01950  |0.13175  |    -     |    -     |
| 109001 | 0.00232  |    -     | 0.01958  |0.13060  |    -     |    -     |
| 109501 | 0.00229  |    -     | 0.01956  |0.12579  |    -     |    -     |
| 110001 | 0.00262  |    -     | 0.01972  |0.13214  |    -     |    -     |
| 110501 | 0.00236  |    -     | 0.01947  |0.12859  |    -     |    -     |
| 111001 | 0.00233  |    -     | 0.01955  |0.13186  |    -     |    -     |
| 111501 | 0.00230  |    -     | 0.01947  |0.13171  |    -     |    -     |
| 112001 | 0.00235  |    -     | 0.01954  |0.13060  |    -     |    -     |
| 112501 | 0.00233  |    -     | 0.01963  |0.13186  |    -     |    -     |
| 113001 | 0.00229  |    -     | 0.01955  |0.13189  |    -     |    -     |
| 113501 | 0.00239  |    -     | 0.01956  |0.13171  |    -     |    -     |
| 114001 | 0.00230  |    -     | 0.01961  |0.13191  |    -     |    -     |
| 114501 | 0.00226  |    -     | 0.01956  |0.13181  |    -     |    -     |
| 115001 | 0.00229  |    -     | 0.01951  |0.12928  |    -     |    -     |
| 115501 | 0.00223  |    -     | 0.01958  |0.13171  |    -     |    -     |
| 116001 | 0.00243  |    -     | 0.01837  |0.13193  |    -     |    -     |
| 116501 | 0.00241  |    -     | 0.01961  |0.13188  |    -     |    -     |
| 117001 | 0.00233  |    -     | 0.01737  |0.13079  |    -     |    -     |
| 117501 | 0.00223  |    -     | 0.01958  |0.13192  |    -     |    -     |
| 118001 | 0.00228  |    -     | 0.01957  |0.13186  |    -     |    -     |
| 118501 | 0.00240  |    -     | 0.01956  |0.12820  |    -     |    -     |
| 119001 | 0.00224  |    -     | 0.01954  |0.12852  |    -     |    -     |
| 119501 | 0.00226  |    -     | 0.01949  |0.12781  |    -     |    -     |
| 120001 | 0.00231  |    -     | 0.01957  |0.13158  |    -     |    -     |
| 120501 | 0.00239  |    -     | 0.01966  |0.13188  |    -     |    -     |
| 121001 | 0.00217  |    -     | 0.01945  |0.13038  |    -     |    -     |
| 121501 | 0.00238  |    -     | 0.01963  |0.13201  |    -     |    -     |
| 122001 | 0.00241  |    -     | 0.01954  |0.13048  |    -     |    -     |
| 122501 | 0.00233  |    -     | 0.01951  |0.13031  |    -     |    -     |
| 123001 | 0.00225  |    -     | 0.01951  |0.12540  |    -     |    -     |
| 123501 | 0.00223  |    -     | 0.01676  |0.12323  |    -     |    -     |
| 124001 | 0.00228  |    -     | 0.01958  |0.12890  |    -     |    -     |
| 124501 | 0.00226  |    -     | 0.01887  |0.12492  |    -     |    -     |
| 125001 | 0.00218  |    -     | 0.01911  |0.13181  |    -     |    -     |
| 125501 | 0.00223  |    -     | 0.01958  |0.13154  |    -     |    -     |
| 126001 | 0.00221  |    -     | 0.01948  |0.12859  |    -     |    -     |
| 126501 | 0.00226  |    -     | 0.01952  |0.13178  |    -     |    -     |
| 127001 | 0.00216  |    -     | 0.01949  |0.13055  |    -     |    -     |
| 127501 | 0.00219  |    -     | 0.01959  |0.12921  |    -     |    -     |
| 128001 | 0.00214  |    -     | 0.01959  |0.13148  |    -     |    -     |
| 128501 | 0.00224  |    -     | 0.01957  |0.12982  |    -     |    -     |
| 129001 | 0.00225  |    -     | 0.01954  |0.12868  |    -     |    -     |
| 129501 | 0.00220  |    -     | 0.01954  |0.13188  |    -     |    -     |
| 130001 | 0.00231  |    -     | 0.01953  |0.13183  |    -     |    -     |
| 130501 | 0.00235  |    -     | 0.01958  |0.12778  |    -     |    -     |
| 131001 | 0.00224  |    -     | 0.01951  |0.13189  |    -     |    -     |
| 131501 | 0.00217  |    -     | 0.01958  |0.12497  |    -     |    -     |
| 132001 | 0.00230  |    -     | 0.01958  |0.13190  |    -     |    -     |
| 132501 | 0.00226  |    -     | 0.01953  |0.13202  |    -     |    -     |
| 133001 | 0.00225  |    -     | 0.01847  |0.12915  |    -     |    -     |
| 133501 | 0.00228  |    -     | 0.01959  |0.12801  |    -     |    -     |
| 134001 | 0.00232  |    -     | 0.01955  |0.12812  |    -     |    -     |
| 134501 | 0.00230  |    -     | 0.01883  |0.12307  |    -     |    -     |
| 135001 | 0.00229  |    -     | 0.01843  |0.13196  |    -     |    -     |
| 135501 | 0.00625  |    -     | 0.01991  |0.13202  |    -     |    -     |
| 136001 | 0.00238  |    -     | 0.02023  |0.12860  |    -     |    -     |
| 136501 | 0.00213  |    -     | 0.01977  |0.12827  |    -     |    -     |
| 137001 | 0.00213  |    -     | 0.01957  |0.13195  |    -     |    -     |
| 137501 | 0.00227  |    -     | 0.01953  |0.12425  |    -     |    -     |
| 138001 | 0.00233  |    -     | 0.01908  |0.12965  |    -     |    -     |
| 138501 | 0.00236  |    -     | 0.01959  |0.13192  |    -     |    -     |
| 139001 | 0.00228  |    -     | 0.01963  |0.13202  |    -     |    -     |
| 139501 | 0.00220  |    -     | 0.01962  |0.12704  |    -     |    -     |
| 140001 | 0.00231  |    -     | 0.01959  |0.12728  |    -     |    -     |
| 140501 | 0.00242  |    -     | 0.01953  |0.12865  |    -     |    -     |
| 141001 | 0.00227  |    -     | 0.01953  |0.13186  |    -     |    -     |
| 141501 | 0.00235  |    -     | 0.01952  |0.12317  |    -     |    -     |
| 142001 | 0.00223  |    -     | 0.01963  |0.13051  |    -     |    -     |
| 142501 | 0.00236  |    -     | 0.01956  |0.13188  |    -     |    -     |
| 143001 | 0.00230  |    -     | 0.01959  |0.13013  |    -     |    -     |
| 143501 | 0.00229  |    -     | 0.01960  |0.12703  |    -     |    -     |
| 144001 | 0.00226  |    -     | 0.01953  |0.12746  |    -     |    -     |
| 144501 | 0.00248  |    -     | 0.01768  |0.12997  |    -     |    -     |
| 145001 | 0.00251  |    -     | 0.01964  |0.12412  |    -     |    -     |
| 145501 | 0.00230  |    -     | 0.01765  |0.12739  |    -     |    -     |
| 146001 | 0.00240  |    -     | 0.01975  |0.13227  |    -     |    -     |
| 146501 | 0.00240  |    -     | 0.01957  |0.13184  |    -     |    -     |
| 147001 | 0.00227  |    -     | 0.01956  |0.13055  |    -     |    -     |
| 147501 | 0.00228  |    -     | 0.01960  |0.13184  |    -     |    -     |
| 148001 | 0.00230  |    -     | 0.01958  |0.13197  |    -     |    -     |
| 148501 | 0.00234  |    -     | 0.01773  |0.12525  |    -     |    -     |
| 149001 | 0.00235  |    -     | 0.01957  |0.13107  |    -     |    -     |
| 149501 | 0.00222  |    -     | 0.01949  |0.12925  |    -     |    -     |
| 150001 | 0.00228  |    -     | 0.01956  |0.12747  |    -     |    -     |
| 150501 | 0.00238  |    -     | 0.01966  |0.13210  |    -     |    -     |
| 151001 | 0.00229  |    -     | 0.01955  |0.12736  |    -     |    -     |
| 151501 | 0.00231  |    -     | 0.01957  |0.12825  |    -     |    -     |
| 152001 | 0.00240  |    -     | 0.01959  |0.12709  |    -     |    -     |
| 152501 | 0.00239  |    -     | 0.01948  |0.12832  |    -     |    -     |
| 153001 | 0.00212  |    -     | 0.01951  |0.12774  |    -     |    -     |
| 153501 | 0.00226  |    -     | 0.01726  |0.13126  |    -     |    -     |
| 154001 | 0.00224  |    -     | 0.01961  |0.12664  |    -     |    -     |
| 154501 | 0.00231  |    -     | 0.01954  |0.12782  |    -     |    -     |
| 155001 | 0.00237  |    -     | 0.01954  |0.13128  |    -     |    -     |
| 155501 | 0.00226  |    -     | 0.01957  |0.13048  |    -     |    -     |
| 156001 | 0.00233  |    -     | 0.01959  |0.12522  |    -     |    -     |
| 156501 | 0.00232  |    -     | 0.01948  |0.13179  |    -     |    -     |
| 157001 | 0.00227  |    -     | 0.01962  |0.13190  |    -     |    -     |
| 157501 | 0.00233  |    -     | 0.01958  |0.12990  |    -     |    -     |
| 158001 | 0.00221  |    -     | 0.01953  |0.13192  |    -     |    -     |
| 158501 | 0.00229  |    -     | 0.01956  |0.13207  |    -     |    -     |
| 159001 | 0.00228  |    -     | 0.01821  |0.12821  |    -     |    -     |
| 159501 | 0.00228  |    -     | 0.01950  |0.13180  |    -     |    -     |
| 160001 | 0.00219  |    -     | 0.01957  |0.13167  |    -     |    -     |
| 160501 | 0.00250  |    -     | 0.01917  |0.12966  |    -     |    -     |
| 161001 | 0.00219  |    -     | 0.01845  |0.12501  |    -     |    -     |
| 161501 | 0.00212  |    -     | 0.01858  |0.13199  |    -     |    -     |
| 162001 | 0.00223  |    -     | 0.02302  |0.13211  |    -     |    -     |
| 162501 | 0.00473  |    -     | 0.01873  |0.13005  |    -     |    -     |
| 163001 | 0.00499  |    -     | 0.01983  |0.12762  |    -     |    -     |
| 163501 | 0.00226  |    -     | 0.01956  |0.13225  |    -     |    -     |
| 164001 | 0.00228  |    -     | 0.01954  |0.12835  |    -     |    -     |
| 164501 | 0.00228  |    -     | 0.01963  |0.13216  |    -     |    -     |
| 165001 | 0.00228  |    -     | 0.01960  |0.12684  |    -     |    -     |
| 165501 | 0.00235  |    -     | 0.01978  |0.13102  |    -     |    -     |
| 166001 | 0.00229  |    -     | 0.01951  |0.13195  |    -     |    -     |
| 166501 | 0.00223  |    -     | 0.01959  |0.13174  |    -     |    -     |
| 167001 | 0.00233  |    -     | 0.01964  |0.13190  |    -     |    -     |
| 167501 | 0.00484  |    -     | 0.01966  |0.13186  |    -     |    -     |
| 168001 | 0.00230  |    -     | 0.01959  |0.13177  |    -     |    -     |
| 168501 | 0.00220  |    -     | 0.01953  |0.12994  |    -     |    -     |
| 169001 | 0.00217  |    -     | 0.01954  |0.13184  |    -     |    -     |
| 169501 | 0.00228  |    -     | 0.01961  |0.12769  |    -     |    -     |
| 170001 | 0.00213  |    -     | 0.01949  |0.13185  |    -     |    -     |
| 170501 | 0.00232  |    -     | 0.01961  |0.13191  |    -     |    -     |
| 171001 | 0.00227  |    -     | 0.01961  |0.13184  |    -     |    -     |
| 171501 | 0.00479  |    -     | 0.01969  |0.13191  |    -     |    -     |
| 172001 | 0.00219  |    -     | 0.01957  |0.13190  |    -     |    -     |
| 172501 | 0.00473  |    -     | 0.01968  |0.12977  |    -     |    -     |
| 173001 | 0.00225  |    -     | 0.01952  |0.13161  |    -     |    -     |
| 173501 | 0.00478  |    -     | 0.01972  |0.13200  |    -     |    -     |
| 174001 | 0.00477  |    -     | 0.01960  |0.13187  |    -     |    -     |
| 174501 | 0.00488  |    -     | 0.01970  |0.13013  |    -     |    -     |
| 175001 | 0.00229  |    -     | 0.01954  |0.13028  |    -     |    -     |
| 175501 | 0.00485  |    -     | 0.01972  |0.13185  |    -     |    -     |
| 176001 | 0.00478  |    -     | 0.01965  |0.12686  |    -     |    -     |
| 176501 | 0.00231  |    -     | 0.01952  |0.13198  |    -     |    -     |
| 177001 | 0.00489  |    -     | 0.01964  |0.13192  |    -     |    -     |
| 177501 | 0.00486  |    -     | 0.01970  |0.12945  |    -     |    -     |
| 178001 | 0.00227  |    -     | 0.01954  |0.13178  |    -     |    -     |
| 178501 | 0.00474  |    -     | 0.01973  |0.12984  |    -     |    -     |
| 179001 | 0.00485  |    -     | 0.01960  |0.13075  |    -     |    -     |
| 179501 | 0.00494  |    -     | 0.01975  |0.12778  |    -     |    -     |
| 180001 | 0.00230  |    -     | 0.01961  |0.13185  |    -     |    -     |
| 180501 | 0.00214  |    -     | 0.01950  |0.12791  |    -     |    -     |
| 181001 | 0.00238  |    -     | 0.01980  |0.13057  |    -     |    -     |
| 181501 | 0.00234  |    -     | 0.01964  |0.13091  |    -     |    -     |
| 182001 | 0.00487  |    -     | 0.01967  |0.13228  |    -     |    -     |
| 182501 | 0.00232  |    -     | 0.01963  |0.13142  |    -     |    -     |
| 183001 | 0.00227  |    -     | 0.01953  |0.13191  |    -     |    -     |
| 183501 | 0.00472  |    -     | 0.01968  |0.13175  |    -     |    -     |
| 184001 | 0.00479  |    -     | 0.01968  |0.13190  |    -     |    -     |
| 184501 | 0.00478  |    -     | 0.01957  |0.13013  |    -     |    -     |
| 185001 | 0.00232  |    -     | 0.01953  |0.13192  |    -     |    -     |
| 185501 | 0.00216  |    -     | 0.01948  |0.13171  |    -     |    -     |
| 186001 | 0.00466  |    -     | 0.01960  |0.13171  |    -     |    -     |
| 186501 | 0.00467  |    -     | 0.01976  |0.13204  |    -     |    -     |
| 187001 | 0.00481  |    -     | 0.01963  |0.13182  |    -     |    -     |
| 187501 | 0.00211  |    -     | 0.01958  |0.12928  |    -     |    -     |
| 188001 | 0.00241  |    -     | 0.01972  |0.12737  |    -     |    -     |
| 188501 | 0.00484  |    -     | 0.01982  |0.12529  |    -     |    -     |
| 189001 | 0.00489  |    -     | 0.01974  |0.13098  |    -     |    -     |
| 189501 | 0.00224  |    -     | 0.01962  |0.12483  |    -     |    -     |
| 190001 | 0.00234  |    -     | 0.01958  |0.12759  |    -     |    -     |
| 190501 | 0.00223  |    -     | 0.01965  |0.13020  |    -     |    -     |
| 191001 | 0.00232  |    -     | 0.01958  |0.12919  |    -     |    -     |
| 191501 | 0.00234  |    -     | 0.01951  |0.13186  |    -     |    -     |
| 192001 | 0.00482  |    -     | 0.01970  |0.13183  |    -     |    -     |
| 192501 | 0.00493  |    -     | 0.01964  |0.13190  |    -     |    -     |
| 193001 | 0.00211  |    -     | 0.01952  |0.13196  |    -     |    -     |
| 193501 | 0.00482  |    -     | 0.01974  |0.12750  |    -     |    -     |
| 194001 | 0.00228  |    -     | 0.01954  |0.12853  |    -     |    -     |
| 194501 | 0.00223  |    -     | 0.01957  |0.13182  |    -     |    -     |
| 195001 | 0.00212  |    -     | 0.01954  |0.12951  |    -     |    -     |
| 195501 | 0.00459  |    -     | 0.01968  |0.12922  |    -     |    -     |
| 196001 | 0.00485  |    -     | 0.01958  |0.13076  |    -     |    -     |
| 196501 | 0.00214  |    -     | 0.01967  |0.12857  |    -     |    -     |
| 197001 | 0.00473  |    -     | 0.01974  |0.13189  |    -     |    -     |
| 197501 | 0.00483  |    -     | 0.01970  |0.12932  |    -     |    -     |
| 198001 | 0.00481  |    -     | 0.01965  |0.13193  |    -     |    -     |
| 198501 | 0.00474  |    -     | 0.01966  |0.12727  |    -     |    -     |
| 199001 | 0.00242  |    -     | 0.01964  |0.13185  |    -     |    -     |
| 199501 | 0.00479  |    -     | 0.01966  |0.13188  |    -     |    -     |
| 200001 | 0.00490  |    -     | 0.01972  |0.13180  |    -     |    -     |
| 200501 | 0.00515  |    -     | 0.01676  |0.13219  |    -     |    -     |
| 201001 | 0.00493  |    -     | 0.01975  |0.12290  |    -     |    -     |
| 201501 | 0.00210  |    -     | 0.01953  |0.13193  |    -     |    -     |
| 202001 | 0.00481  |    -     | 0.01967  |0.13182  |    -     |    -     |
| 202501 | 0.00494  |    -     | 0.02005  |0.13347  |    -     |    -     |
| 203001 | 0.00515  |    -     | 0.03812  |0.12936  |    -     |    -     |
| 203501 | 0.00539  |    -     | 0.01948  |0.12956  |    -     |    -     |
| 204001 | 0.00245  |    -     | 0.01966  |0.12351  |    -     |    -     |
| 204501 | 0.00231  |    -     | 0.01981  |0.13158  |    -     |    -     |
| 205001 | 0.00238  |    -     | 0.01831  |0.12403  |    -     |    -     |
| 205501 | 0.00491  |    -     | 0.02007  |0.13236  |    -     |    -     |
| 206001 | 0.00495  |    -     | 0.01992  |0.12992  |    -     |    -     |
| 206501 | 0.00498  |    -     | 0.01975  |0.12907  |    -     |    -     |
| 207001 | 0.00245  |    -     | 0.01980  |0.12890  |    -     |    -     |
| 207501 | 0.00480  |    -     | 0.01954  |0.12846  |    -     |    -     |
| 208001 | 0.00482  |    -     | 0.01970  |0.12669  |    -     |    -     |
| 208501 | 0.00487  |    -     | 0.01808  |0.13218  |    -     |    -     |
| 209001 | 0.00493  |    -     | 0.01939  |0.13125  |    -     |    -     |
| 209501 | 0.00471  |    -     | 0.01971  |0.13197  |    -     |    -     |
| 210001 | 0.00480  |    -     | 0.01970  |0.13183  |    -     |    -     |
| 210501 | 0.00500  |    -     | 0.02003  |0.12821  |    -     |    -     |
| 211001 | 0.00231  |    -     | 0.01981  |0.13201  |    -     |    -     |
| 211501 | 0.00486  |    -     | 0.01973  |0.12909  |    -     |    -     |
| 212001 | 0.00467  |    -     | 0.01958  |0.12695  |    -     |    -     |
| 212501 | 0.00464  |    -     | 0.01901  |0.13190  |    -     |    -     |
| 213001 | 0.00485  |    -     | 0.01980  |0.13215  |    -     |    -     |
| 213501 | 0.00491  |    -     | 0.01959  |0.13191  |    -     |    -     |
| 214001 | 0.00475  |    -     | 0.01971  |0.13178  |    -     |    -     |
| 214501 | 0.00472  |    -     | 0.01924  |0.12915  |    -     |    -     |
| 215001 | 0.00485  |    -     | 0.01970  |0.13198  |    -     |    -     |
| 215501 | 0.00481  |    -     | 0.01970  |0.13202  |    -     |    -     |
| 216001 | 0.00499  |    -     | 0.01988  |0.13183  |    -     |    -     |
| 216501 | 0.00473  |    -     | 0.01966  |0.13154  |    -     |    -     |
| 217001 | 0.00476  |    -     | 0.01954  |0.12752  |    -     |    -     |
| 217501 | 0.00477  |    -     | 0.01952  |0.13199  |    -     |    -     |
| 218001 | 0.00485  |    -     | 0.01973  |0.13173  |    -     |    -     |
| 218501 | 0.00483  |    -     | 0.01953  |0.13191  |    -     |    -     |
| 219001 | 0.00472  |    -     | 0.01952  |0.13186  |    -     |    -     |
| 219501 | 0.00500  |    -     | 0.01883  |0.12918  |    -     |    -     |
| 220001 | 0.00490  |    -     | 0.01984  |0.12888  |    -     |    -     |
| 220501 | 0.00225  |    -     | 0.01989  |0.12799  |    -     |    -     |
| 221001 | 0.00485  |    -     | 0.01958  |0.12993  |    -     |    -     |
| 221501 | 0.00503  |    -     | 0.01887  |0.13005  |    -     |    -     |
| 222001 | 0.00487  |    -     | 0.01971  |0.12797  |    -     |    -     |
| 222501 | 0.00456  |    -     | 0.01982  |0.13212  |    -     |    -     |
| 223001 | 0.00485  |    -     | 0.01964  |0.13174  |    -     |    -     |
| 223501 | 0.00488  |    -     | 0.01991  |0.13070  |    -     |    -     |
| 224001 | 0.00527  |    -     | 0.01985  |0.12909  |    -     |    -     |
| 224501 | 0.00481  |    -     | 0.01971  |0.13191  |    -     |    -     |
| 225001 | 0.00479  |    -     | 0.01968  |0.12724  |    -     |    -     |
| 225501 | 0.00483  |    -     | 0.01971  |0.13211  |    -     |    -     |
| 226001 | 0.00482  |    -     | 0.01969  |0.13284  |    -     |    -     |
| 226501 | 0.00489  |    -     | 0.01968  |0.13022  |    -     |    -     |
| 227001 | 0.00491  |    -     | 0.01965  |0.13082  |    -     |    -     |
| 227501 | 0.00482  |    -     | 0.01967  |0.13183  |    -     |    -     |
| 228001 | 0.00482  |    -     | 0.01970  |0.12890  |    -     |    -     |
| 228501 | 0.00475  |    -     | 0.01968  |0.12753  |    -     |    -     |
| 229001 | 0.00480  |    -     | 0.01916  |0.13135  |    -     |    -     |
| 229501 | 0.00488  |    -     | 0.01967  |0.13177  |    -     |    -     |
| 230001 | 0.00479  |    -     | 0.01967  |0.13186  |    -     |    -     |
| 230501 | 0.00469  |    -     | 0.01959  |0.13201  |    -     |    -     |
| 231001 | 0.00482  |    -     | 0.01968  |0.13147  |    -     |    -     |
| 231501 | 0.00478  |    -     | 0.01968  |0.12873  |    -     |    -     |
| 232001 | 0.00481  |    -     | 0.01966  |0.13204  |    -     |    -     |
| 232501 | 0.00480  |    -     | 0.01972  |0.12847  |    -     |    -     |
| 233001 | 0.00481  |    -     | 0.01969  |0.13194  |    -     |    -     |
| 233501 | 0.00470  |    -     | 0.01967  |0.13199  |    -     |    -     |
| 234001 | 0.00491  |    -     | 0.01984  |0.13200  |    -     |    -     |
| 234501 | 0.00479  |    -     | 0.01973  |0.12834  |    -     |    -     |
| 235001 | 0.00484  |    -     | 0.01974  |0.13203  |    -     |    -     |
| 235501 | 0.00486  |    -     | 0.02005  |0.13177  |    -     |    -     |
| 236001 | 0.00493  |    -     | 0.01974  |0.12969  |    -     |    -     |
| 236501 | 0.00459  |    -     | 0.01936  |0.12921  |    -     |    -     |
| 237001 | 0.00481  |    -     | 0.01972  |0.13061  |    -     |    -     |
| 237501 | 0.00492  |    -     | 0.01872  |0.12494  |    -     |    -     |
| 238001 | 0.00479  |    -     | 0.01969  |0.12612  |    -     |    -     |
| 238501 | 0.00475  |    -     | 0.01924  |0.12911  |    -     |    -     |
| 239001 | 0.00461  |    -     | 0.01953  |0.12425  |    -     |    -     |
| 239501 | 0.00470  |    -     | 0.01965  |0.12952  |    -     |    -     |
| 240001 | 0.00470  |    -     | 0.01757  |0.13063  |    -     |    -     |
| 240501 | 0.00492  |    -     | 0.01787  |0.12756  |    -     |    -     |
| 241001 | 0.00488  |    -     | 0.01966  |0.13178  |    -     |    -     |
| 241501 | 0.00506  |    -     | 0.01956  |0.12584  |    -     |    -     |
| 242001 | 0.00467  |    -     | 0.01966  |0.12536  |    -     |    -     |
| 242501 | 0.00492  |    -     | 0.01918  |0.12950  |    -     |    -     |
| 243001 | 0.00487  |    -     | 0.01968  |0.12801  |    -     |    -     |
| 243501 | 0.00480  |    -     | 0.01972  |0.13162  |    -     |    -     |
| 244001 | 0.00491  |    -     | 0.01963  |0.13194  |    -     |    -     |
| 244501 | 0.00472  |    -     | 0.01944  |0.12362  |    -     |    -     |
| 245001 | 0.00488  |    -     | 0.01966  |0.13107  |    -     |    -     |
| 245501 | 0.00484  |    -     | 0.01970  |0.13198  |    -     |    -     |
| 246001 | 0.00467  |    -     | 0.01958  |0.12823  |    -     |    -     |
| 246501 | 0.00490  |    -     | 0.01982  |0.13186  |    -     |    -     |
| 247001 | 0.00464  |    -     | 0.01978  |0.12987  |    -     |    -     |
| 247501 | 0.00479  |    -     | 0.01973  |0.13197  |    -     |    -     |
| 248001 | 0.00476  |    -     | 0.01975  |0.13138  |    -     |    -     |
| 248501 | 0.00494  |    -     | 0.01964  |0.12849  |    -     |    -     |
| 249001 | 0.00471  |    -     | 0.01969  |0.13199  |    -     |    -     |
| 249501 | 0.00477  |    -     | 0.01970  |0.13189  |    -     |    -     |
| 250001 | 0.00461  |    -     | 0.01962  |0.13190  |    -     |    -     |
| 250501 | 0.00465  |    -     | 0.01957  |0.12654  |    -     |    -     |
| 251001 | 0.00469  |    -     | 0.01964  |0.13182  |    -     |    -     |
| 251501 | 0.00470  |    -     | 0.01951  |0.13177  |    -     |    -     |
| 252001 | 0.00478  |    -     | 0.02308  |0.13445  |    -     |    -     |
| 252501 | 0.00481  |    -     | 0.01966  |0.13203  |    -     |    -     |
| 253001 | 0.00476  |    -     | 0.01965  |0.12663  |    -     |    -     |
| 253501 | 0.00476  |    -     | 0.01955  |0.12790  |    -     |    -     |
| 254001 | 0.00470  |    -     | 0.01859  |0.13189  |    -     |    -     |
| 254501 | 0.00480  |    -     | 0.01957  |0.13200  |    -     |    -     |
| 255001 | 0.00484  |    -     | 0.01977  |0.12730  |    -     |    -     |
| 255501 | 0.00477  |    -     | 0.01955  |0.13038  |    -     |    -     |
| 256001 | 0.00475  |    -     | 0.01966  |0.13181  |    -     |    -     |
| 256501 | 0.00478  |    -     | 0.01967  |0.13115  |    -     |    -     |
| 257001 | 0.00475  |    -     | 0.01830  |0.13194  |    -     |    -     |
| 257501 | 0.00466  |    -     | 0.01969  |0.13196  |    -     |    -     |
| 258001 | 0.00474  |    -     | 0.01964  |0.13214  |    -     |    -     |
| 258501 | 0.00487  |    -     | 0.01962  |0.12344  |    -     |    -     |
| 259001 | 0.00480  |    -     | 0.01986  |0.12872  |    -     |    -     |
| 259501 | 0.00472  |    -     | 0.01979  |0.13197  |    -     |    -     |
| 260001 | 0.00475  |    -     | 0.01955  |0.12767  |    -     |    -     |
| 260501 | 0.00470  |    -     | 0.01964  |0.13191  |    -     |    -     |
| 261001 | 0.00473  |    -     | 0.01884  |0.12780  |    -     |    -     |
| 261501 | 0.00473  |    -     | 0.01972  |0.12449  |    -     |    -     |
| 262001 | 0.00480  |    -     | 0.01997  |0.13206  |    -     |    -     |
| 262501 | 0.00494  |    -     | 0.01977  |0.13200  |    -     |    -     |
| 263001 | 0.00483  |    -     | 0.01990  |0.13170  |    -     |    -     |
| 263501 | 0.00477  |    -     | 0.01982  |0.13007  |    -     |    -     |
| 264001 | 0.00497  |    -     | 0.01969  |0.12513  |    -     |    -     |
| 264501 | 0.00487  |    -     | 0.01976  |0.12443  |    -     |    -     |
| 265001 | 0.00474  |    -     | 0.01964  |0.13194  |    -     |    -     |
| 265501 | 0.00479  |    -     | 0.01976  |0.12732  |    -     |    -     |
| 266001 | 0.00486  |    -     | 0.01964  |0.12570  |    -     |    -     |
| 266501 | 0.00479  |    -     | 0.01966  |0.13222  |    -     |    -     |
| 267001 | 0.00502  |    -     | 0.01978  |0.12926  |    -     |    -     |
| 267501 | 0.00473  |    -     | 0.01775  |0.12835  |    -     |    -     |
| 268001 | 0.00483  |    -     | 0.01960  |0.13068  |    -     |    -     |
| 268501 | 0.00480  |    -     | 0.01977  |0.13181  |    -     |    -     |
| 269001 | 0.00475  |    -     | 0.01965  |0.13192  |    -     |    -     |
| 269501 | 0.00485  |    -     | 0.03824  |0.13202  |    -     |    -     |
| 270001 | 0.00492  |    -     | 0.01972  |0.13199  |    -     |    -     |
| 270501 | 0.00485  |    -     | 0.01777  |0.12854  |    -     |    -     |
| 271001 | 0.00465  |    -     | 0.01986  |0.13140  |    -     |    -     |
| 271501 | 0.00477  |    -     | 0.01974  |0.12750  |    -     |    -     |
| 272001 | 0.00462  |    -     | 0.01968  |0.12835  |    -     |    -     |
| 272501 | 0.00501  |    -     | 0.01975  |0.13188  |    -     |    -     |
| 273001 | 0.00523  |    -     | 0.01859  |0.12870  |    -     |    -     |
| 273501 | 0.00466  |    -     | 0.01942  |0.12814  |    -     |    -     |
| 274001 | 0.00481  |    -     | 0.01787  |0.12768  |    -     |    -     |
| 274501 | 0.00463  |    -     | 0.01945  |0.12943  |    -     |    -     |
| 275001 | 0.00469  |    -     | 0.01870  |0.12623  |    -     |    -     |
| 275501 | 0.00473  |    -     | 0.01959  |0.13191  |    -     |    -     |
| 276001 | 0.00482  |    -     | 0.01964  |0.13018  |    -     |    -     |
| 276501 | 0.00467  |    -     | 0.01948  |0.13185  |    -     |    -     |
| 277001 | 0.00475  |    -     | 0.01973  |0.12824  |    -     |    -     |
| 277501 | 0.00479  |    -     | 0.01958  |0.13189  |    -     |    -     |
| 278001 | 0.00480  |    -     | 0.01964  |0.12831  |    -     |    -     |
| 278501 | 0.00454  |    -     | 0.01967  |0.12989  |    -     |    -     |
| 279001 | 0.00479  |    -     | 0.01957  |0.13203  |    -     |    -     |
| 279501 | 0.00483  |    -     | 0.01962  |0.13194  |    -     |    -     |
| 280001 | 0.00491  |    -     | 0.01865  |0.13203  |    -     |    -     |
| 280501 | 0.00498  |    -     | 0.01844  |0.13182  |    -     |    -     |
| 281001 | 0.00485  |    -     | 0.01977  |0.13153  |    -     |    -     |
| 281501 | 0.00481  |    -     | 0.01990  |0.13206  |    -     |    -     |
| 282001 | 0.00480  |    -     | 0.01989  |0.12592  |    -     |    -     |
| 282501 | 0.00491  |    -     | 0.01982  |0.13053  |    -     |    -     |
| 283001 | 0.00480  |    -     | 0.01909  |0.12832  |    -     |    -     |
| 283501 | 0.00490  |    -     | 0.01965  |0.13194  |    -     |    -     |
| 284001 | 0.00477  |    -     | 0.01971  |0.13099  |    -     |    -     |
| 284501 | 0.00487  |    -     | 0.04048  |0.12087  |    -     |    -     |
| 285001 | 0.00482  |    -     | 0.01943  |0.12550  |    -     |    -     |
| 285501 | 0.00474  |    -     | 0.01961  |0.12951  |    -     |    -     |
| 286001 | 0.00487  |    -     | 0.01960  |0.13202  |    -     |    -     |
| 286501 | 0.00476  |    -     | 0.01979  |0.12826  |    -     |    -     |
| 287001 | 0.00477  |    -     | 0.01840  |0.12995  |    -     |    -     |
| 287501 | 0.00488  |    -     | 0.01963  |0.12592  |    -     |    -     |
| 288001 | 0.00473  |    -     | 0.01983  |0.12990  |    -     |    -     |
| 288501 | 0.00484  |    -     | 0.01968  |0.13196  |    -     |    -     |
| 289001 | 0.00474  |    -     | 0.01967  |0.13142  |    -     |    -     |
| 289501 | 0.00470  |    -     | 0.01971  |0.12914  |    -     |    -     |
| 290001 | 0.00484  |    -     | 0.07293  |0.13065  |    -     |    -     |
| 290501 | 0.00537  |    -     | 0.01926  |0.13168  |    -     |    -     |
| 291001 | 0.00464  |    -     | 0.01725  |0.12788  |    -     |    -     |
| 291501 | 0.00488  |    -     | 0.01982  |0.13029  |    -     |    -     |
| 292001 | 0.00483  |    -     | 0.01971  |0.13192  |    -     |    -     |
| 292501 | 0.00483  |    -     | 0.01960  |0.12695  |    -     |    -     |
| 293001 | 0.00476  |    -     | 0.01966  |0.12768  |    -     |    -     |
| 293501 | 0.00468  |    -     | 0.01971  |0.12291  |    -     |    -     |
| 294001 | 0.00482  |    -     | 0.01907  |0.13158  |    -     |    -     |
| 294501 | 0.00478  |    -     | 0.01954  |0.13193  |    -     |    -     |
| 295001 | 0.00480  |    -     | 0.01951  |0.13194  |    -     |    -     |
| 295501 | 0.00473  |    -     | 0.01963  |0.12964  |    -     |    -     |
| 296001 | 0.00476  |    -     | 0.01956  |0.13124  |    -     |    -     |
| 296501 | 0.00450  |    -     | 0.01875  |0.12846  |    -     |    -     |
| 297001 | 0.00479  |    -     | 0.01960  |0.13204  |    -     |    -     |
| 297501 | 0.00483  |    -     | 0.01972  |0.13197  |    -     |    -     |
| 298001 | 0.00488  |    -     | 0.01968  |0.13016  |    -     |    -     |
| 298501 | 0.00490  |    -     | 0.01976  |0.12685  |    -     |    -     |
| 299001 | 0.00480  |    -     | 0.01964  |0.13189  |    -     |    -     |
| 299501 | 0.00483  |    -     | 0.01963  |0.12459  |    -     |    -     |
| 300001 | 0.00472  |    -     | 0.01971  |0.13112  |    -     |    -     |
| 300501 | 0.00480  |    -     | 0.01960  |0.13192  |    -     |    -     |
| 301001 | 0.00489  |    -     | 0.01962  |0.13179  |    -     |    -     |
| 301501 | 0.00480  |    -     | 0.01973  |0.13193  |    -     |    -     |
| 302001 | 0.00482  |    -     | 0.01968  |0.12706  |    -     |    -     |
| 302501 | 0.00474  |    -     | 0.01966  |0.13182  |    -     |    -     |
| 303001 | 0.00479  |    -     | 0.03692  |0.13191  |    -     |    -     |
| 303501 | 0.00489  |    -     | 0.02054  |0.12714  |    -     |    -     |
| 304001 | 0.00476  |    -     | 0.01964  |0.13199  |    -     |    -     |
| 304501 | 0.00477  |    -     | 0.01965  |0.13184  |    -     |    -     |
| 305001 | 0.00476  |    -     | 0.01969  |0.13194  |    -     |    -     |
| 305501 | 0.00479  |    -     | 0.01987  |0.13207  |    -     |    -     |
| 306001 | 0.00543  |    -     | 0.01975  |0.13206  |    -     |    -     |
| 306501 | 0.00482  |    -     | 0.01951  |0.13103  |    -     |    -     |
| 307001 | 0.00484  |    -     | 0.01986  |0.13212  |    -     |    -     |
| 307501 | 0.00490  |    -     | 0.01993  |0.12845  |    -     |    -     |
| 308001 | 0.00504  |    -     | 0.01980  |0.13238  |    -     |    -     |
| 308501 | 0.00505  |    -     | 0.01972  |0.12992  |    -     |    -     |
| 309001 | 0.00484  |    -     | 0.01959  |0.13190  |    -     |    -     |
| 309501 | 0.00490  |    -     | 0.01965  |0.13203  |    -     |    -     |
| 310001 | 0.00499  |    -     | 0.01985  |0.13207  |    -     |    -     |
| 310501 | 0.00468  |    -     | 0.01956  |0.13198  |    -     |    -     |
| 311001 | 0.00477  |    -     | 0.01958  |0.12823  |    -     |    -     |
| 311501 | 0.00562  |    -     | 0.01917  |0.13069  |    -     |    -     |
| 312001 | 0.00479  |    -     | 0.01970  |0.12519  |    -     |    -     |
| 312501 | 0.00488  |    -     | 0.01959  |0.12895  |    -     |    -     |
| 313001 | 0.00470  |    -     | 0.01960  |0.13211  |    -     |    -     |
| 313501 | 0.00477  |    -     | 0.01971  |0.13212  |    -     |    -     |
| 314001 | 0.00481  |    -     | 0.01958  |0.12823  |    -     |    -     |
| 314501 | 0.00487  |    -     | 0.01993  |0.13198  |    -     |    -     |
| 315001 | 0.00486  |    -     | 0.01962  |0.13186  |    -     |    -     |
| 315501 | 0.00465  |    -     | 0.01968  |0.13194  |    -     |    -     |
| 316001 | 0.00473  |    -     | 0.01955  |0.13156  |    -     |    -     |
| 316501 | 0.00484  |    -     | 0.01964  |0.13201  |    -     |    -     |
| 317001 | 0.00481  |    -     | 0.01972  |0.13178  |    -     |    -     |
| 317501 | 0.00481  |    -     | 0.01960  |0.13194  |    -     |    -     |
| 318001 | 0.01431  |    -     | 0.02017  |0.12882  |    -     |    -     |
| 318501 | 0.00481  |    -     | 0.01974  |0.12895  |    -     |    -     |
| 319001 | 0.00491  |    -     | 0.01977  |0.13122  |    -     |    -     |
| 319501 | 0.00491  |    -     | 0.03417  |0.12869  |    -     |    -     |
| 320001 | 0.00447  |    -     | 0.01943  |0.12879  |    -     |    -     |
| 320501 | 0.00479  |    -     | 0.01956  |0.12848  |    -     |    -     |
| 321001 | 0.00470  |    -     | 0.01949  |0.12717  |    -     |    -     |
| 321501 | 0.00474  |    -     | 0.01974  |0.13185  |    -     |    -     |
| 322001 | 0.00467  |    -     | 0.01964  |0.13020  |    -     |    -     |
| 322501 | 0.00468  |    -     | 0.01950  |0.12741  |    -     |    -     |
| 323001 | 0.00470  |    -     | 0.01956  |0.13113  |    -     |    -     |
| 323501 | 0.00469  |    -     | 0.01951  |0.12987  |    -     |    -     |
| 324001 | 0.00465  |    -     | 0.01958  |0.12656  |    -     |    -     |
| 324501 | 0.00461  |    -     | 0.01947  |0.13227  |    -     |    -     |
| 325001 | 0.00469  |    -     | 0.01978  |0.13138  |    -     |    -     |
| 325501 | 0.00486  |    -     | 0.01999  |0.12906  |    -     |    -     |
| 326001 | 0.00484  |    -     | 0.01982  |0.12967  |    -     |    -     |
| 326501 | 0.00479  |    -     | 0.01777  |0.13207  |    -     |    -     |
| 327001 | 0.00477  |    -     | 0.01967  |0.12661  |    -     |    -     |
| 327501 | 0.00454  |    -     | 0.01963  |0.12930  |    -     |    -     |
| 328001 | 0.00479  |    -     | 0.01960  |0.13053  |    -     |    -     |
| 328501 | 0.00479  |    -     | 0.01999  |0.13058  |    -     |    -     |
| 329001 | 0.00471  |    -     | 0.01970  |0.12375  |    -     |    -     |
| 329501 | 0.00480  |    -     | 0.01961  |0.12955  |    -     |    -     |
| 330001 | 0.00469  |    -     | 0.01963  |0.12873  |    -     |    -     |
| 330501 | 0.00489  |    -     | 0.01971  |0.12754  |    -     |    -     |
| 331001 | 0.00489  |    -     | 0.01962  |0.13197  |    -     |    -     |
| 331501 | 0.00482  |    -     | 0.01981  |0.13196  |    -     |    -     |
| 332001 | 0.00481  |    -     | 0.01968  |0.13186  |    -     |    -     |
| 332501 | 0.00481  |    -     | 0.01963  |0.13126  |    -     |    -     |
| 333001 | 0.00470  |    -     | 0.01974  |0.13189  |    -     |    -     |
| 333501 | 0.00477  |    -     | 0.01964  |0.13201  |    -     |    -     |
| 334001 | 0.00482  |    -     | 0.01705  |0.13070  |    -     |    -     |
| 334501 | 0.00483  |    -     | 0.01955  |0.13186  |    -     |    -     |
| 335001 | 0.00487  |    -     | 0.01988  |0.12383  |    -     |    -     |
| 335501 | 0.00466  |    -     | 0.01967  |0.12801  |    -     |    -     |
| 336001 | 0.00564  |    -     | 0.01957  |0.13186  |    -     |    -     |
| 336501 | 0.00454  |    -     | 0.01946  |0.12778  |    -     |    -     |
| 337001 | 0.00469  |    -     | 0.01975  |0.13111  |    -     |    -     |
| 337501 | 0.00471  |    -     | 0.01842  |0.12866  |    -     |    -     |
| 338001 | 0.00460  |    -     | 0.01943  |0.12910  |    -     |    -     |
| 338501 | 0.00480  |    -     | 0.01961  |0.13176  |    -     |    -     |
| 339001 | 0.00465  |    -     | 0.01950  |0.13175  |    -     |    -     |
| 339501 | 0.00460  |    -     | 0.01914  |0.13000  |    -     |    -     |
| 340001 | 0.00486  |    -     | 0.01974  |0.13184  |    -     |    -     |
| 340501 | 0.00480  |    -     | 0.01958  |0.13180  |    -     |    -     |
| 341001 | 0.00482  |    -     | 0.01974  |0.13046  |    -     |    -     |
| 341501 | 0.00464  |    -     | 0.01950  |0.13179  |    -     |    -     |
| 342001 | 0.00463  |    -     | 0.01950  |0.13156  |    -     |    -     |
| 342501 | 0.00465  |    -     | 0.01950  |0.13182  |    -     |    -     |
| 343001 | 0.00465  |    -     | 0.01950  |0.13167  |    -     |    -     |
| 343501 | 0.00468  |    -     | 0.01988  |0.12509  |    -     |    -     |
| 344001 | 0.00464  |    -     | 0.01903  |0.12996  |    -     |    -     |
| 344501 | 0.00465  |    -     | 0.01952  |0.12782  |    -     |    -     |
| 345001 | 0.00461  |    -     | 0.01945  |0.12998  |    -     |    -     |
| 345501 | 0.00463  |    -     | 0.01950  |0.12189  |    -     |    -     |
| 346001 | 0.00460  |    -     | 0.01944  |0.12982  |    -     |    -     |
| 346501 | 0.00469  |    -     | 0.01950  |0.13089  |    -     |    -     |
| 347001 | 0.00460  |    -     | 0.01861  |0.13032  |    -     |    -     |
| 347501 | 0.00488  |    -     | 0.02002  |0.12757  |    -     |    -     |
| 348001 | 0.00459  |    -     | 0.01779  |0.12780  |    -     |    -     |
| 348501 | 0.00474  |    -     | 0.01932  |0.12513  |    -     |    -     |
| 349001 | 0.00468  |    -     | 0.01966  |0.13193  |    -     |    -     |
| 349501 | 0.00471  |    -     | 0.01963  |0.13191  |    -     |    -     |
| 350001 | 0.00477  |    -     | 0.01959  |0.13063  |    -     |    -     |
| 350501 | 0.00484  |    -     | 0.01854  |0.13095  |    -     |    -     |
| 351001 | 0.00474  |    -     | 0.01965  |0.12766  |    -     |    -     |
| 351501 | 0.00492  |    -     | 0.01990  |0.12580  |    -     |    -     |
| 352001 | 0.00491  |    -     | 0.01981  |0.13090  |    -     |    -     |
| 352501 | 0.00481  |    -     | 0.01977  |0.12786  |    -     |    -     |
| 353001 | 0.00476  |    -     | 0.01886  |0.12687  |    -     |    -     |
| 353501 | 0.00479  |    -     | 0.01989  |0.13197  |    -     |    -     |
| 354001 | 0.00480  |    -     | 0.01969  |0.13159  |    -     |    -     |
| 354501 | 0.00479  |    -     | 0.01949  |0.12801  |    -     |    -     |
| 355001 | 0.00495  |    -     | 0.01985  |0.12382  |    -     |    -     |
| 355501 | 0.00490  |    -     | 0.01970  |0.13217  |    -     |    -     |
| 356001 | 0.00488  |    -     | 0.01974  |0.12762  |    -     |    -     |
| 356501 | 0.00525  |    -     | 0.01993  |0.13096  |    -     |    -     |
| 357001 | 0.00482  |    -     | 0.01971  |0.13028  |    -     |    -     |
| 357501 | 0.00487  |    -     | 0.01930  |0.12343  |    -     |    -     |
| 358001 | 0.00470  |    -     | 0.01956  |0.12843  |    -     |    -     |
| 358501 | 0.00470  |    -     | 0.01965  |0.13038  |    -     |    -     |
| 359001 | 0.00491  |    -     | 0.01986  |0.12857  |    -     |    -     |
| 359501 | 0.00487  |    -     | 0.03667  |0.13092  |    -     |    -     |
| 360001 | 0.00479  |    -     | 0.02007  |0.12998  |    -     |    -     |
| 360501 | 0.00499  |    -     | 0.01713  |0.13010  |    -     |    -     |
| 361001 | 0.00480  |    -     | 0.02026  |0.12825  |    -     |    -     |
| 361501 | 0.00476  |    -     | 0.01952  |0.13192  |    -     |    -     |
| 362001 | 0.00483  |    -     | 0.01964  |0.13170  |    -     |    -     |
| 362501 | 0.00474  |    -     | 0.01972  |0.13190  |    -     |    -     |
| 363001 | 0.00454  |    -     | 0.01967  |0.13024  |    -     |    -     |
| 363501 | 0.00462  |    -     | 0.01949  |0.13115  |    -     |    -     |
| 364001 | 0.00484  |    -     | 0.01986  |0.12542  |    -     |    -     |
| 364501 | 0.00500  |    -     | 0.01991  |0.12533  |    -     |    -     |
| 365001 | 0.00481  |    -     | 0.01906  |0.13178  |    -     |    -     |
| 365501 | 0.00475  |    -     | 0.01983  |0.11948  |    -     |    -     |
| 366001 | 0.00477  |    -     | 0.01976  |0.12579  |    -     |    -     |
| 366501 | 0.00486  |    -     | 0.01948  |0.12824  |    -     |    -     |
| 367001 | 0.00469  |    -     | 0.01969  |0.12725  |    -     |    -     |
| 367501 | 0.00482  |    -     | 0.01972  |0.12825  |    -     |    -     |
| 368001 | 0.00483  |    -     | 0.01987  |0.13042  |    -     |    -     |
| 368501 | 0.00490  |    -     | 0.01818  |0.12975  |    -     |    -     |
| 369001 | 0.00491  |    -     | 0.01986  |0.12906  |    -     |    -     |
| 369501 | 0.00479  |    -     | 0.01945  |0.13200  |    -     |    -     |
| 370001 | 0.00494  |    -     | 0.01767  |0.12063  |    -     |    -     |
| 370501 | 0.00465  |    -     | 0.01948  |0.13192  |    -     |    -     |
| 371001 | 0.00479  |    -     | 0.01964  |0.13193  |    -     |    -     |
| 371501 | 0.00487  |    -     | 0.01963  |0.13187  |    -     |    -     |
| 372001 | 0.00461  |    -     | 0.01964  |0.13188  |    -     |    -     |
| 372501 | 0.00476  |    -     | 0.01958  |0.13181  |    -     |    -     |
| 373001 | 0.00525  |    -     | 0.01968  |0.12798  |    -     |    -     |
| 373501 | 0.00477  |    -     | 0.01957  |0.12872  |    -     |    -     |
| 374001 | 0.00475  |    -     | 0.01959  |0.12652  |    -     |    -     |
| 374501 | 0.00466  |    -     | 0.01945  |0.12967  |    -     |    -     |
| 375001 | 0.00483  |    -     | 0.01986  |0.13191  |    -     |    -     |
| 375501 | 0.00477  |    -     | 0.01796  |0.13196  |    -     |    -     |
| 376001 | 0.00482  |    -     | 0.01964  |0.13178  |    -     |    -     |
| 376501 | 0.00475  |    -     | 0.01861  |0.12520  |    -     |    -     |
| 377001 | 0.00475  |    -     | 0.01922  |0.12789  |    -     |    -     |
| 377501 | 0.00487  |    -     | 0.01977  |0.13206  |    -     |    -     |
| 378001 | 0.00483  |    -     | 0.01966  |0.12998  |    -     |    -     |
| 378501 | 0.00468  |    -     | 0.02056  |0.12912  |    -     |    -     |
| 379001 | 0.00476  |    -     | 0.01951  |0.13182  |    -     |    -     |
| 379501 | 0.00467  |    -     | 0.01956  |0.12642  |    -     |    -     |
| 380001 | 0.00470  |    -     | 0.01951  |0.12846  |    -     |    -     |
| 380501 | 0.00468  |    -     | 0.01960  |0.13156  |    -     |    -     |
| 381001 | 0.00462  |    -     | 0.01956  |0.13171  |    -     |    -     |
| 381501 | 0.00470  |    -     | 0.01958  |0.13192  |    -     |    -     |
| 382001 | 0.00463  |    -     | 0.01954  |0.12364  |    -     |    -     |
| 382501 | 0.00471  |    -     | 0.01916  |0.13042  |    -     |    -     |
| 383001 | 0.00471  |    -     | 0.01953  |0.12946  |    -     |    -     |
| 383501 | 0.00447  |    -     | 0.01984  |0.13060  |    -     |    -     |
| 384001 | 0.00459  |    -     | 0.01948  |0.13186  |    -     |    -     |
| 384501 | 0.00496  |    -     | 0.01966  |0.12612  |    -     |    -     |
| 385001 | 0.00443  |    -     | 0.01948  |0.12592  |    -     |    -     |
| 385501 | 0.00483  |    -     | 0.01931  |0.12561  |    -     |    -     |
| 386001 | 0.00461  |    -     | 0.01865  |0.13115  |    -     |    -     |
| 386501 | 0.00473  |    -     | 0.01971  |0.13195  |    -     |    -     |
| 387001 | 0.00485  |    -     | 0.01970  |0.12731  |    -     |    -     |
| 387501 | 0.00276  |    -     | 0.02216  |0.13208  |    -     |    -     |
| 388001 | 0.00470  |    -     | 0.01959  |0.13192  |    -     |    -     |
| 388501 | 0.00475  |    -     | 0.01957  |0.13199  |    -     |    -     |
| 389001 | 0.00476  |    -     | 0.01968  |0.13191  |    -     |    -     |
| 389501 | 0.00467  |    -     | 0.01961  |0.13182  |    -     |    -     |
| 390001 | 0.00479  |    -     | 0.01954  |0.13192  |    -     |    -     |
| 390501 | 0.00481  |    -     | 0.01979  |0.12573  |    -     |    -     |
| 391001 | 0.00475  |    -     | 0.01957  |0.13178  |    -     |    -     |
| 391501 | 0.00486  |    -     | 0.01969  |0.13183  |    -     |    -     |
| 392001 | 0.00468  |    -     | 0.01972  |0.13147  |    -     |    -     |
| 392501 | 0.00467  |    -     | 0.01963  |0.13126  |    -     |    -     |
| 393001 | 0.00478  |    -     | 0.01940  |0.12900  |    -     |    -     |
| 393501 | 0.00466  |    -     | 0.01963  |0.13189  |    -     |    -     |
| 394001 | 0.00482  |    -     | 0.01967  |0.13196  |    -     |    -     |
| 394501 | 0.00466  |    -     | 0.01964  |0.13191  |    -     |    -     |
| 395001 | 0.00485  |    -     | 0.01971  |0.13188  |    -     |    -     |
| 395501 | 0.00481  |    -     | 0.01964  |0.13209  |    -     |    -     |
| 396001 | 0.00473  |    -     | 0.01968  |0.13195  |    -     |    -     |
| 396501 | 0.00472  |    -     | 0.01963  |0.13195  |    -     |    -     |
| 397001 | 0.00479  |    -     | 0.01957  |0.13188  |    -     |    -     |
| 397501 | 0.00463  |    -     | 0.01950  |0.13179  |    -     |    -     |
| 398001 | 0.00476  |    -     | 0.01959  |0.12719  |    -     |    -     |
| 398501 | 0.00458  |    -     | 0.01949  |0.13177  |    -     |    -     |
| 399001 | 0.00499  |    -     | 0.01967  |0.12702  |    -     |    -     |
| 399501 | 0.00482  |    -     | 0.01956  |0.13152  |    -     |    -     |
| 400001 | 0.00480  |    -     | 0.01962  |0.13195  |    -     |    -     |
| 400501 | 0.00481  |    -     | 0.01968  |0.12698  |    -     |    -     |
| 401001 | 0.00483  |    -     | 0.01964  |0.13149  |    -     |    -     |
| 401501 | 0.00478  |    -     | 0.01971  |0.13187  |    -     |    -     |
| 402001 | 0.00478  |    -     | 0.01964  |0.13158  |    -     |    -     |
| 402501 | 0.00479  |    -     | 0.01966  |0.13190  |    -     |    -     |
| 403001 | 0.00476  |    -     | 0.01968  |0.13101  |    -     |    -     |
| 403501 | 0.00480  |    -     | 0.01965  |0.12888  |    -     |    -     |
| 404001 | 0.00482  |    -     | 0.01967  |0.13200  |    -     |    -     |
| 404501 | 0.00486  |    -     | 0.01968  |0.13196  |    -     |    -     |
| 405001 | 0.00478  |    -     | 0.01967  |0.13192  |    -     |    -     |
| 405501 | 0.00462  |    -     | 0.01949  |0.12975  |    -     |    -     |
| 406001 | 0.00476  |    -     | 0.01964  |0.12661  |    -     |    -     |
| 406501 | 0.00464  |    -     | 0.01975  |0.13184  |    -     |    -     |
| 407001 | 0.00489  |    -     | 0.01974  |0.12862  |    -     |    -     |
| 407501 | 0.00477  |    -     | 0.01985  |0.12905  |    -     |    -     |
| 408001 | 0.00474  |    -     | 0.01963  |0.13098  |    -     |    -     |
| 408501 | 0.00480  |    -     | 0.01957  |0.13199  |    -     |    -     |
| 409001 | 0.00485  |    -     | 0.01964  |0.13183  |    -     |    -     |
| 409501 | 0.00481  |    -     | 0.01969  |0.12825  |    -     |    -     |
| 410001 | 0.00479  |    -     | 0.01951  |0.13191  |    -     |    -     |
| 410501 | 0.00489  |    -     | 0.01983  |0.12827  |    -     |    -     |
| 411001 | 0.00475  |    -     | 0.01992  |0.13194  |    -     |    -     |
| 411501 | 0.00480  |    -     | 0.01967  |0.13190  |    -     |    -     |
| 412001 | 0.00476  |    -     | 0.01967  |0.13181  |    -     |    -     |
| 412501 | 0.00466  |    -     | 0.01947  |0.12827  |    -     |    -     |
| 413001 | 0.00477  |    -     | 0.01965  |0.12986  |    -     |    -     |
| 413501 | 0.00474  |    -     | 0.01968  |0.13158  |    -     |    -     |
| 414001 | 0.00476  |    -     | 0.03959  |0.12970  |    -     |    -     |
| 414501 | 0.00468  |    -     | 0.01958  |0.13118  |    -     |    -     |
| 415001 | 0.00499  |    -     | 0.01976  |0.13193  |    -     |    -     |
| 415501 | 0.00473  |    -     | 0.01965  |0.13055  |    -     |    -     |
| 416001 | 0.00478  |    -     | 0.01963  |0.12714  |    -     |    -     |
| 416501 | 0.00467  |    -     | 0.01961  |0.12812  |    -     |    -     |
| 417001 | 0.00473  |    -     | 0.01968  |0.13188  |    -     |    -     |
| 417501 | 0.00486  |    -     | 0.01978  |0.12829  |    -     |    -     |
| 418001 | 0.00475  |    -     | 0.01974  |0.12774  |    -     |    -     |
| 418501 | 0.00561  |    -     | 0.01985  |0.12858  |    -     |    -     |
| 419001 | 0.00472  |    -     | 0.01956  |0.12743  |    -     |    -     |
| 419501 | 0.00471  |    -     | 0.01950  |0.13181  |    -     |    -     |
| 420001 | 0.00485  |    -     | 0.01979  |0.13203  |    -     |    -     |
| 420501 | 0.00479  |    -     | 0.01969  |0.12779  |    -     |    -     |
| 421001 | 0.00475  |    -     | 0.01979  |0.12880  |    -     |    -     |
| 421501 | 0.00479  |    -     | 0.01972  |0.13014  |    -     |    -     |
| 422001 | 0.00476  |    -     | 0.01971  |0.13076  |    -     |    -     |
| 422501 | 0.00480  |    -     | 0.03966  |0.13120  |    -     |    -     |
| 423001 | 0.00482  |    -     | 0.01974  |0.12835  |    -     |    -     |
| 423501 | 0.00497  |    -     | 0.01902  |0.13204  |    -     |    -     |
| 424001 | 0.00498  |    -     | 0.01938  |0.12771  |    -     |    -     |
| 424501 | 0.00478  |    -     | 0.01902  |0.13204  |    -     |    -     |
| 425001 | 0.00486  |    -     | 0.01984  |0.13015  |    -     |    -     |
| 425501 | 0.00483  |    -     | 0.01972  |0.13185  |    -     |    -     |
| 426001 | 0.00481  |    -     | 0.01979  |0.13182  |    -     |    -     |
| 426501 | 0.00466  |    -     | 0.01955  |0.13192  |    -     |    -     |
| 427001 | 0.00473  |    -     | 0.01966  |0.13181  |    -     |    -     |
| 427501 | 0.00470  |    -     | 0.01964  |0.12916  |    -     |    -     |
| 428001 | 0.00474  |    -     | 0.01838  |0.12732  |    -     |    -     |
| 428501 | 0.00487  |    -     | 0.01965  |0.13197  |    -     |    -     |
| 429001 | 0.00489  |    -     | 0.01979  |0.13139  |    -     |    -     |
| 429501 | 0.00485  |    -     | 0.01970  |0.13189  |    -     |    -     |
| 430001 | 0.00479  |    -     | 0.01972  |0.12490  |    -     |    -     |
| 430501 | 0.00483  |    -     | 0.01983  |0.12512  |    -     |    -     |
| 431001 | 0.00456  |    -     | 0.01952  |0.13081  |    -     |    -     |
| 431501 | 0.00472  |    -     | 0.01930  |0.12286  |    -     |    -     |
| 432001 | 0.00481  |    -     | 0.03817  |0.12724  |    -     |    -     |
| 432501 | 0.00473  |    -     | 0.01947  |0.13078  |    -     |    -     |
| 433001 | 0.00478  |    -     | 0.01970  |0.12802  |    -     |    -     |
| 433501 | 0.00475  |    -     | 0.01975  |0.13191  |    -     |    -     |
| 434001 | 0.00469  |    -     | 0.01952  |0.12928  |    -     |    -     |
| 434501 | 0.00471  |    -     | 0.01955  |0.13186  |    -     |    -     |
| 435001 | 0.00495  |    -     | 0.01971  |0.13196  |    -     |    -     |
| 435501 | 0.00490  |    -     | 0.01969  |0.12704  |    -     |    -     |
| 436001 | 0.00476  |    -     | 0.01973  |0.13047  |    -     |    -     |
| 436501 | 0.00470  |    -     | 0.01972  |0.13181  |    -     |    -     |
| 437001 | 0.00469  |    -     | 0.01891  |0.12774  |    -     |    -     |
| 437501 | 0.00484  |    -     | 0.01976  |0.12547  |    -     |    -     |
| 438001 | 0.00480  |    -     | 0.01977  |0.12819  |    -     |    -     |
| 438501 | 0.00474  |    -     | 0.01969  |0.13172  |    -     |    -     |
| 439001 | 0.00478  |    -     | 0.01877  |0.12955  |    -     |    -     |
| 439501 | 0.00468  |    -     | 0.01946  |0.12818  |    -     |    -     |
| 440001 | 0.00479  |    -     | 0.01957  |0.13195  |    -     |    -     |
| 440501 | 0.00468  |    -     | 0.01963  |0.13526  |    -     |    -     |
| 441001 | 0.00484  |    -     | 0.01966  |0.12758  |    -     |    -     |
| 441501 | 0.00470  |    -     | 0.01964  |0.13180  |    -     |    -     |
| 442001 | 0.00473  |    -     | 0.01957  |0.13149  |    -     |    -     |
| 442501 | 0.00534  |    -     | 0.01981  |0.13187  |    -     |    -     |
| 443001 | 0.00468  |    -     | 0.01964  |0.13192  |    -     |    -     |
| 443501 | 0.00485  |    -     | 0.03951  |0.13191  |    -     |    -     |
| 444001 | 0.00468  |    -     | 0.01964  |0.13197  |    -     |    -     |
| 444501 | 0.00472  |    -     | 0.01958  |0.13185  |    -     |    -     |
| 445001 | 0.00466  |    -     | 0.01980  |0.13190  |    -     |    -     |
| 445501 | 0.00462  |    -     | 0.01952  |0.13178  |    -     |    -     |
| 446001 | 0.00486  |    -     | 0.01901  |0.13191  |    -     |    -     |
| 446501 | 0.00477  |    -     | 0.01965  |0.13191  |    -     |    -     |
| 447001 | 0.00466  |    -     | 0.01951  |0.13185  |    -     |    -     |
| 447501 | 0.00468  |    -     | 0.01969  |0.13196  |    -     |    -     |
| 448001 | 0.00436  |    -     | 0.01992  |0.13208  |    -     |    -     |
| 448501 | 0.00478  |    -     | 0.01955  |0.13083  |    -     |    -     |
| 449001 | 0.00473  |    -     | 0.01954  |0.12964  |    -     |    -     |
| 449501 | 0.00477  |    -     | 0.01987  |0.13193  |    -     |    -     |
| 450001 | 0.00479  |    -     | 0.01973  |0.13194  |    -     |    -     |
| 450501 | 0.00487  |    -     | 0.01965  |0.13199  |    -     |    -     |
| 451001 | 0.00470  |    -     | 0.01946  |0.12902  |    -     |    -     |
| 451501 | 0.00466  |    -     | 0.01956  |0.13174  |    -     |    -     |
| 452001 | 0.00470  |    -     | 0.01857  |0.13182  |    -     |    -     |
| 452501 | 0.00470  |    -     | 0.01975  |0.13175  |    -     |    -     |
| 453001 | 0.00472  |    -     | 0.01948  |0.12708  |    -     |    -     |
| 453501 | 0.00463  |    -     | 0.01959  |0.12902  |    -     |    -     |
| 454001 | 0.00476  |    -     | 0.01964  |0.13043  |    -     |    -     |
| 454501 | 0.00466  |    -     | 0.01917  |0.13102  |    -     |    -     |
| 455001 | 0.00486  |    -     | 0.01947  |0.12936  |    -     |    -     |
| 455501 | 0.00473  |    -     | 0.01949  |0.13177  |    -     |    -     |
| 456001 | 0.00476  |    -     | 0.01963  |0.13188  |    -     |    -     |
| 456501 | 0.00480  |    -     | 0.01960  |0.13090  |    -     |    -     |
| 457001 | 0.00478  |    -     | 0.01969  |0.13196  |    -     |    -     |
| 457501 | 0.00464  |    -     | 0.01972  |0.13190  |    -     |    -     |
| 458001 | 0.00484  |    -     | 0.01968  |0.12725  |    -     |    -     |
| 458501 | 0.00480  |    -     | 0.01975  |0.13034  |    -     |    -     |
| 459001 | 0.00484  |    -     | 0.01967  |0.12847  |    -     |    -     |
| 459501 | 0.00468  |    -     | 0.01970  |0.13198  |    -     |    -     |
| 460001 | 0.00481  |    -     | 0.01941  |0.13208  |    -     |    -     |
| 460501 | 0.00480  |    -     | 0.01960  |0.13016  |    -     |    -     |
| 461001 | 0.00466  |    -     | 0.01890  |0.13200  |    -     |    -     |
| 461501 | 0.00476  |    -     | 0.01963  |0.13190  |    -     |    -     |
| 462001 | 0.00478  |    -     | 0.01959  |0.13202  |    -     |    -     |
| 462501 | 0.00481  |    -     | 0.01956  |0.13179  |    -     |    -     |
| 463001 | 0.00474  |    -     | 0.01974  |0.13215  |    -     |    -     |
| 463501 | 0.00470  |    -     | 0.01969  |0.13186  |    -     |    -     |
| 464001 | 0.00483  |    -     | 0.01795  |0.12775  |    -     |    -     |
| 464501 | 0.00479  |    -     | 0.01967  |0.12992  |    -     |    -     |
| 465001 | 0.00463  |    -     | 0.01968  |0.13109  |    -     |    -     |
| 465501 | 0.00469  |    -     | 0.01962  |0.12975  |    -     |    -     |
| 466001 | 0.00480  |    -     | 0.01966  |0.13001  |    -     |    -     |
| 466501 | 0.00477  |    -     | 0.01953  |0.12439  |    -     |    -     |
| 467001 | 0.00468  |    -     | 0.01804  |0.13188  |    -     |    -     |
| 467501 | 0.00474  |    -     | 0.01950  |0.13183  |    -     |    -     |
| 468001 | 0.00478  |    -     | 0.01960  |0.13188  |    -     |    -     |
| 468501 | 0.00488  |    -     | 0.01961  |0.13187  |    -     |    -     |
| 469001 | 0.00475  |    -     | 0.01957  |0.13082  |    -     |    -     |
| 469501 | 0.00483  |    -     | 0.01969  |0.12871  |    -     |    -     |
| 470001 | 0.00476  |    -     | 0.01974  |0.13122  |    -     |    -     |
| 470501 | 0.00481  |    -     | 0.01964  |0.13012  |    -     |    -     |
| 471001 | 0.00469  |    -     | 0.01964  |0.13179  |    -     |    -     |
| 471501 | 0.00477  |    -     | 0.01952  |0.13180  |    -     |    -     |
| 472001 | 0.00475  |    -     | 0.01962  |0.13213  |    -     |    -     |
| 472501 | 0.00476  |    -     | 0.01953  |0.13204  |    -     |    -     |
| 473001 | 0.00487  |    -     | 0.01975  |0.12863  |    -     |    -     |
| 473501 | 0.00462  |    -     | 0.01945  |0.12767  |    -     |    -     |
| 474001 | 0.00474  |    -     | 0.01895  |0.13186  |    -     |    -     |
| 474501 | 0.00466  |    -     | 0.01838  |0.12853  |    -     |    -     |
| 475001 | 0.00485  |    -     | 0.01967  |0.12675  |    -     |    -     |
| 475501 | 0.00473  |    -     | 0.01971  |0.12856  |    -     |    -     |
| 476001 | 0.00474  |    -     | 0.01938  |0.13005  |    -     |    -     |
| 476501 | 0.00471  |    -     | 0.01982  |0.12764  |    -     |    -     |
| 477001 | 0.00479  |    -     | 0.01965  |0.13184  |    -     |    -     |
| 477501 | 0.00464  |    -     | 0.01970  |0.13148  |    -     |    -     |
| 478001 | 0.00465  |    -     | 0.01956  |0.12743  |    -     |    -     |
| 478501 | 0.00470  |    -     | 0.01952  |0.12857  |    -     |    -     |
| 479001 | 0.00471  |    -     | 0.01952  |0.12880  |    -     |    -     |
| 479501 | 0.00472  |    -     | 0.01971  |0.13184  |    -     |    -     |
| 480001 | 0.00489  |    -     | 0.01964  |0.13114  |    -     |    -     |
| 480501 | 0.00474  |    -     | 0.01862  |0.13186  |    -     |    -     |
| 481001 | 0.00470  |    -     | 0.01940  |0.13143  |    -     |    -     |
| 481501 | 0.00476  |    -     | 0.01957  |0.13055  |    -     |    -     |
| 482001 | 0.00477  |    -     | 0.01972  |0.12804  |    -     |    -     |
| 482501 | 0.00456  |    -     | 0.01964  |0.12724  |    -     |    -     |
| 483001 | 0.00463  |    -     | 0.01888  |0.13181  |    -     |    -     |
| 483501 | 0.00482  |    -     | 0.01972  |0.13194  |    -     |    -     |
| 484001 | 0.00478  |    -     | 0.01971  |0.12447  |    -     |    -     |
| 484501 | 0.00474  |    -     | 0.03913  |0.12681  |    -     |    -     |
| 485001 | 0.00472  |    -     | 0.01750  |0.12802  |    -     |    -     |
| 485501 | 0.00470  |    -     | 0.01960  |0.13197  |    -     |    -     |
| 486001 | 0.00473  |    -     | 0.01979  |0.13193  |    -     |    -     |
| 486501 | 0.00470  |    -     | 0.01975  |0.13189  |    -     |    -     |
| 487001 | 0.00462  |    -     | 0.01947  |0.12692  |    -     |    -     |
| 487501 | 0.00461  |    -     | 0.01964  |0.12906  |    -     |    -     |
| 488001 | 0.00482  |    -     | 0.01955  |0.13149  |    -     |    -     |
| 488501 | 0.00468  |    -     | 0.01970  |0.12736  |    -     |    -     |
| 489001 | 0.00475  |    -     | 0.01951  |0.13123  |    -     |    -     |
| 489501 | 0.00478  |    -     | 0.01968  |0.12963  |    -     |    -     |
| 490001 | 0.00481  |    -     | 0.01963  |0.12648  |    -     |    -     |
| 490501 | 0.00483  |    -     | 0.01966  |0.12889  |    -     |    -     |
| 491001 | 0.00481  |    -     | 0.01960  |0.13189  |    -     |    -     |
| 491501 | 0.00488  |    -     | 0.01977  |0.12994  |    -     |    -     |
| 492001 | 0.00481  |    -     | 0.01972  |0.13056  |    -     |    -     |
| 492501 | 0.00482  |    -     | 0.01938  |0.13102  |    -     |    -     |
| 493001 | 0.00460  |    -     | 0.01978  |0.13200  |    -     |    -     |
| 493501 | 0.00463  |    -     | 0.01866  |0.13191  |    -     |    -     |
| 494001 | 0.00482  |    -     | 0.01970  |0.12656  |    -     |    -     |
| 494501 | 0.00462  |    -     | 0.01964  |0.13200  |    -     |    -     |
| 495001 | 0.00483  |    -     | 0.01904  |0.13183  |    -     |    -     |
| 495501 | 0.00473  |    -     | 0.01981  |0.12927  |    -     |    -     |
| 496001 | 0.00452  |    -     | 0.01971  |0.12700  |    -     |    -     |
| 496501 | 0.00469  |    -     | 0.01972  |0.12589  |    -     |    -     |
| 497001 | 0.00466  |    -     | 0.01956  |0.12942  |    -     |    -     |
| 497501 | 0.00477  |    -     | 0.01968  |0.12832  |    -     |    -     |
| 498001 | 0.00473  |    -     | 0.01958  |0.12691  |    -     |    -     |
| 498501 | 0.00461  |    -     | 0.01977  |0.12519  |    -     |    -     |
| 499001 | 0.00484  |    -     | 0.01963  |0.12973  |    -     |    -     |
| 499501 | 0.00485  |    -     | 0.01980  |0.12987  |    -     |    -     |
